s1_id	cand_id	country	z	category	forensic_num	s1_house	cand_house	house	compound	unit	tokens	s1_addr	cand_addr
S1-902495625	S2-117523477	India	17.976	near_duplicate_number_changed	numbers_differ	6-3-668/10/4	6-3-668/10/8	agree	contra	missing	contra	D. No: 6-3-668/10/4, Durga Nagar Colony, Punjagutta, Hyderabad, Telangana	D. NO: 6-3-668/10/8, DURGA NAGAR COLONY, PUNJAGUTTA, Telangana
S1-837152284	S2-863921963	US	16.803	near_duplicate_number_changed	numbers_differ	1026 1/2	1026 1/3	agree	contra	missing	contra	1026 1/2 East Street, Madison, IN	1026 1/3-B EAST STREET, MADISON, IN
S1-344828415	S2-15406609	India	16.451	near_duplicate_number_changed	numbers_differ	10	21	contra	n/a	agree	contra	Pno:10, 11&12, Fno:201, Svr Estates Nagaram, Rangareddy, Hyderabad, Telangana	PNO:21, 11&12, FNO:201, SVR ESTATES NAGARAM, RANGAREDDY, Telangana
S1-122756874	S2-643032376	India	15.931	near_duplicate_number_changed	numbers_differ	2	2	agree	n/a	missing	agree/subset	2/1Chattaarpur Mor Mehrauli, New Delhi, South Delhi, Delhi	NO 2/5CHATTAARPUR MOR MEHRAULI, NEW DELHI, SOUTH DELHI, Delhi
S1-555847910	S2-830380382	India	15.907	near_duplicate_number_changed	numbers_differ	26/244	26/248	agree	contra	missing	contra	26/244 Shivaji Nagar, Madanganj, Kishangarh, Ajmer, Rajasthan	26/248 SHIVAJI NAGAR, MADANGANJ, KISHANGARH, Rajasthan
S1-362620034	S2-815160260	US	15.663	near_duplicate_number_changed	numbers_differ	1182	1191	contra	n/a	missing	contra	1182 Trapper Loop, Garden City, UT	1191 TRAPPER LOOP, GARDEN CITY, UT
S1-553618235	S2-962548691	India	15.615	near_duplicate_number_changed	numbers_differ	2-9-44/3	2-9-44/24	agree	contra	missing	contra	City Cable Line, Beside Sbi Atm, Telangana, Karim Nagar, 2-9-44/3, Jammikunta	2-9-44/24, CITY CABLE LINE, BESIDE SBI ATM, JAMMIKUNTA, Telangana
S1-30637205	S2-448947683	India	15.529	near_duplicate_number_changed	numbers_differ	12/74	12/85	agree	contra	missing	contra	12/74, 12Th Main 2Nd Cross, Raghavendra Block, Srinagar, Bangalore, Bangalore South, Bangalore, Karnataka	##12/85, 12TH MAIN 2ND CROSS, RAGHAVENDRA BLOCK, SRINAGAR, BANGALORE, BANGALORE SOUTH, Karnataka
S1-312089495	S2-727523405	US	15.459	near_duplicate_number_changed	numbers_differ	9561	9568	contra	n/a	missing	contra	9561 6B Road, Plymouth, IN	9568 6B ROAD, PLYMOUTH, IN
S1-774003459	S2-887635663	US	15.35	near_duplicate_number_changed	numbers_differ	118	127	contra	n/a	missing	contra	118 Main Street, Eaton, OH	127 MAIN STREET, EATON, OH
S1-390020807	S2-279479861	India	15.298	near_duplicate_number_changed	numbers_differ	74	688	contra	n/a	missing	contra	Sno.41/45, Plot No.74, Shop, 6, Shriprasad Apartment, Pune City, Pune, Maharashtra	H.NO 688 SNO.41/66, PLOT NO.74, SHOP, 6, SHRIPRASAD APARTMENT, PUNE CITY, Maharashtra
S1-613995576	S2-689297952	US	15.231	near_duplicate_number_changed	numbers_differ	2210	2212	contra	n/a	missing	contra	2210 Greenville Street, Caddo Mills, TX	2212 GREENVILLE STREET, CADDO MILLS, TX
S1-620162779	S2-306833608	India	15.013	possible_gt_omission	numbers_equal	676	676	agree	n/a	missing	agree/subset	676, Poonthamallee High Road, Egmore Nungambakkam, Chennai, Tamil Nadu	676, POONTHAMALLEE HIGH ROAD, EGMORE NUNGAMBAKKAM, தமிழ்நாடு
S1-616489647	S2-810014897	US	14.99	near_duplicate_number_changed	numbers_differ	2791	2798	contra	n/a	missing	contra	2791 Timpview Drive, Provo, UT	002798 TIMPVIEW DRIVE, PROVO, UT
S1-283128662	S2-414077804	US	14.85	near_duplicate_number_changed	numbers_differ	251	260	contra	n/a	missing	contra	251 Ten Mile Creek Road, East Peoria, IL	#260 TEN MILE CREEK ROAD, IL, EAST PEORIA
S1-16625219	S2-191447367	US	14.694	near_duplicate_number_changed	numbers_differ	3932	3943	contra	n/a	missing	contra	3932 Bungalow Lane, Mckinney, TX	3943 BUNGALOW LANE, MCKINNEY, TX
S1-135464371	S2-780560045	India	14.621	near_duplicate_number_changed	numbers_differ	970/5	970/8	agree	contra	missing	contra	970/5, Sector A, Yelahanka Satellite Town, Bangalore North, Bangalore, Karnataka	Karnataka, 970/8, SECTOR A, YELAHANKA SATELLITE TOWN, BANGALORE NORTH
S1-632493300	S2-114738614	US	14.533	near_duplicate_number_changed	numbers_differ	841	854	contra	n/a	missing	contra	Los Lunas, NM, 841 Blue Sage Avenue	NM, LOS LUNAS, 854 BLUE SAGE AVENUE
S1-959545356	S2-227856823	India	14.415	near_duplicate_name_token_numbers_not_contradicted	numbers_cand_superset	D-41	74	contra	n/a	missing	agree/subset	Rashtrasarthi Chs, D-41, Savarkar Road, Mulund (E), Mumbai, Maharashtra	#74  RASHTRASARTHI CHS, D-41, SAVARKAR ROAD, MULUND (E), MUMBAI, Maharashtra
S1-810442809	S2-586816736	India	14.304	near_duplicate_number_changed	numbers_differ	7/163	7/170	agree	contra	missing	contra	7/163, Thayyil House, Vadakara, Kozhikode, Kerala	VADAKARA, THAYYIL HOUSE, Kerala, KOZHIKODE, 7/170
S1-571522451	S2-540243822	US	14.169	near_duplicate_number_changed	numbers_differ	7	11	contra	n/a	missing	contra	7 Tall Timbers, Trinity, TX	11  TALL TIMBERS, TRINITY, TX
S1-996259180	S3-683313858	India	14.011	near_duplicate_name_token_numbers_not_contradicted	numbers_cand_superset		68	missing	n/a	missing	missing	Abban House, Observatory Post Kodaikanal-624 103, Dindigul, Tamil Nadu	68 Abban House, Observatory Post Kodaikanal-624 103, Dindigul, TN
S1-64888305	S2-443269457	India	13.93	near_duplicate_number_changed	numbers_differ	14B	18B	contra	n/a	agree	contra	Office No 329 Plot No 14B, Grohitam Bldg, Sector 19, Thane, Maharashtra	OFFICE NO ##329 PLOT NO 18B, GROHITAM BLDG, SECTOR 19, THANE, Maharashtra
S1-759586210	S2-245769846	US	13.923	shared_address	numbers_equal	15428	15428	agree	n/a	missing	agree/subset	15428 Loomis Avenue, Harvey, IL	15428 LOOMIS AVENUE, HARVEY, IL
S1-107901699	S3-526655467	US	13.886	near_duplicate_name_token_numbers_not_contradicted	numbers_equal	10091	10091	agree	n/a	missing	agree/subset	10091 301, Four Oaks, NC	10091 301, <NULL>, FOUR OAKS CITY, North Carolina
S1-298754012	S3-295987314	India	13.823	near_duplicate_number_changed	numbers_differ	2	513	contra	n/a	missing	contra	Tamil Nadu, Chennai, No.2 Road, Railady, Mayilathumthurai-609 003, Tamilnadu, #504	H.no 513., TN, Chennai, No.2 Road, Railady, Mayilathumthurai-609 003, Tamilnadu
S1-974273438	S2-536981312	US	13.756	near_duplicate_number_changed	numbers_differ	3642	3649	contra	n/a	missing	contra	NC, 3642 Arborway, Charlotte	3649 ARBORWAY, CHARLOTTE, NC
S1-422999442	S2-652856854	India	13.718	near_duplicate_number_changed	numbers_differ	JN4	JN8	contra	n/a	agree	contra	Jn4, Room No. 12, Bldg No.10, Blue Haven, Sector 10, Vashi, Navi Mumbai, Mumbai City, Maharashtra	JN8, ROOM NO. 12, BLDG NO.10, BLUE HAVEN, SECTOR 10, VASHI, NAVI MUMBAI, महाराष्ट्र
S1-435641728	S2-759260861	India	13.704	near_duplicate_number_changed	numbers_differ	B-1/307	B-1/308	agree	contra	missing	contra	B-1/307, 3Rd Floor New Ashok Nagar, Near Eastend Apartments, Delhi, New Delhi, Delhi	B-1/308, 3RD FLOOR NEW ASHOK NAGAR, NEAR EASTEND APARTMENTS, DELHI, Delhi
S1-748306698	S2-854044174	India	13.582	near_duplicate_number_changed	numbers_differ	320	322	contra	n/a	missing	contra	320, Tulsiani Chambers, Nariman Point, Mumbai, Mumbai City, Maharashtra	322, TULSIANI CHAMBERS, NARIMAN POINT, MUMBAI, Maharashtra
S1-987672380	S2-806596838	India	13.509	near_duplicate_number_changed	numbers_differ	29-1444/23	29-1444/2	agree	contra	missing	contra	29-1444/23, Kakathiya Nagar Near Laxmi Function Hall, Neredmet, Malka, Jgiri, Secunderabad, Hyderabad, Telangana	29-1444/2, KAKATHIYA NAGAR NEAR LAXMI FUNCTION HALL, NEREDMET, MALKA, JGIRI, SECUNDERABAD, Telangana
S1-953467828	S2-833892570	India	13.463	near_duplicate_number_changed	numbers_differ	6-6-492/A	6-6-499/A	agree	contra	missing	contra	6-6-492/A, Gandhi Nagar, Hyderabad, Telangana	6-6-499/A, HYDERABAD, Telangana
S1-856516592	S2-170177083	US	13.353	near_duplicate_number_changed	numbers_differ	8540	553	contra	n/a	missing	contra	8540 Tilbury Road, Maple Falls, WA	553 TILBURY ROAD, MAPLE FALLS, WA
S1-890967071	S2-585663517	India	13.299	near_duplicate_number_changed	numbers_differ	3	6	contra	n/a	missing	contra	Plot No. 3, Kh No. 2132 & 2133 Amar Colony, Nangloi, Delhi, West Delhi, Delhi	DOOR NO 6 , KH NO. 2132 & 2133 AMAR COLONY, NANGLOI, DELHI, Delhi
S1-863702988	S2-114347850	US	13.276	near_duplicate_number_changed	numbers_differ	1537	1550	contra	n/a	missing	contra	1537 4227, Jacksonville, TX	1550 4227, JACKSONVILLE, TX
S1-754092139	S2-574713463	US	13.26	near_duplicate_number_changed	numbers_differ	5514	5527C	contra	n/a	missing	contra	5514 Kinkaid Street, Fl 0, Wichita, KS	5527C KINKAID STREET, WICHITA, KS
S1-86614303	S2-558896135	India	13.257	near_duplicate_number_changed	numbers_differ	31	725	contra	n/a	missing	contra	Swapnapurti Part 2, Plot No. 31, Bhosa, Yavatmal, Yavatmal, Maharashtra	NO 725 SWAPNAPURTI PART 13, PLOT NO. 31, BHOSA, YAVATMAL, YAVATMAL, Maharashtra
S1-212924708	S2-713053120	India	13.246	near_duplicate_number_changed	numbers_differ	41/1047	41/1047	agree	agree	missing	agree/subset	2Nd Floor, Door No.41/1047, Jolly Tower, Ernakulam, Kerala	Kerala, NO #15ND FLOOR, DOOR NO.41/1047, JOLLY TOWER, ERNAKULAM
S1-290381913	S2-529610322	US	13.211	shared_address	numbers_equal	35304	35304	agree	n/a	missing	agree/subset	35304 Church Street, Ivor Town, VA	35304 CHURCH STREET, IVOR TOWN, VA
S1-371510759	S2-532933439	India	13.146	near_duplicate_name_token_numbers_not_contradicted	numbers_cand_superset	440	60	contra	n/a	missing	agree/subset	Mouza - Dahua, Tola- Hechla P S And Anchal - Baunshi No 440, Banka, Bihar	NO 60 MOUZA - DAHUA, TOLA- HECHLA P S AND ANCHAL - BAUNSHI NO 440, BANKA, बिहार
S1-36608014	S3-301197226	India	13.071	near_duplicate_number_changed	numbers_differ	556/30	556/43	agree	contra	missing	contra	556/30 A Street No 15 Vijay Park Maujpur, Delhi, North East, Delhi	Door No 556/43 A Street No 15 Vijay Park Maujpur, Delhi, North East, DL
S1-30267810	S2-699722867	US	13.07	near_duplicate_number_changed	numbers_differ	131	142	contra	n/a	missing	contra	131 Old Thumb Point Road, West Tisbury, MA	142 OLD THUMB POINT RD, MA, WEST TISBURY
S1-987743901	S2-253908010	US	13.02	near_duplicate_number_changed	numbers_differ	24	33	contra	n/a	missing	contra	24 Club Circle, Sherwood, AR	##33 CLUB CIRCLE, SHERWOOD, AR
S1-643036107	S2-333655505	US	13.019	near_duplicate_number_changed	numbers_differ	16	18	contra	n/a	missing	contra	16 Roxbury Road, Norwalk, CT	0018 ROXBURY ROAD, NORWALK, CT
S1-358512216	S3-316446553	US	12.964	near_duplicate_number_changed	numbers_differ	1663	166	contra	n/a	missing	contra	1663 24th Street, Fort Dodge, IA	166 24th Street, Fort Dodge, Iowa
S1-930134810	S2-316605793	India	12.952	near_duplicate_number_changed	numbers_differ			missing	n/a	missing	contra	Level 5, South Delhi, Delhi, Max House, Okhla Industrial Estate, Okhla Phaseiii, New Delhi	LEVEL 8, MAX HOUSE, OKHLA INDUSTRIAL ESTATE, OKHLA PHASEIII, NEW DELHI, Delhi
S1-26082321	S3-936031482	India	12.95	near_duplicate_number_changed	numbers_differ	13/264/A	13/269/A	agree	contra	missing	contra	13/264/A Poovathum Veetil Peringala, Kizhakkambalam, Kochi, Ernakulam, Kerala	#13/269/A Poovathum Veetil Peringala, Kochi, Ernakulam, KL
S1-916911857	S2-567777146	India	12.846	near_duplicate_number_changed	numbers_differ	G-3	G-10	contra	n/a	missing	contra	G-3, Vardan Apprtment 2, Mishra Nagar Annpurna, Indore, Madhya Pradesh	G-10, VARDAN APPRTMENT 2, MISHRA NAGAR ANNPURNA, INDORE, Madhya Pradesh
S1-674788023	S2-885642687	India	12.787	near_duplicate_number_changed	numbers_differ	320	320	agree	n/a	missing	contra	7/1A Grant Laner.No 320 3Rd Floor, Kolkata, Calcutta, West Bengal	#7/5A GRANT LANER.NO 320 3RD FLOOR, KOKATA, West Bengal
S1-668095174	S2-682078913	US	12.698	near_duplicate_number_changed	numbers_differ	8443	8447C	contra	n/a	missing	contra	8443 Kean Avenue, Hickory Hills, IL	8447C KEAN AVENUE, HICKORY HILLS, IL
S1-148999827	S2-200442204	US	12.656	near_duplicate_number_changed	numbers_differ	3120	3141	contra	n/a	missing	contra	TX, 3120 Parkway Drive, Nederland	3141 Parkway Drive, NEDERLAND, TX
S1-884007166	S3-368761203	US	12.537	near_duplicate_number_changed	numbers_differ	140	161	contra	n/a	agree	contra	140 Beach Rd, Unit 2317, Ames, IA	161 Beach Rd, # 2317, Ames, Iowa
S1-526847302	S2-981349254	US	12.471	near_duplicate_number_changed	numbers_differ	1639	1650	contra	n/a	missing	contra	1639 French Road, Bennington, NY	1650 FRENCH ROAD, BENNINGTON, NY
S1-755167722	S3-563023027	India	12.288	near_duplicate_number_changed	numbers_differ	60	131	contra	n/a	missing	contra	60, Ii Cross, Wheeler Road, Bangalore-560 005., Bangalore, Karnataka	Door No 131 63, Ii Cross, Wheeler Road, Bangalore-560 005., Bangalore, KA
S1-8864352	S3-846080300	India	12.235	near_duplicate_number_changed	numbers_differ	FK-11&12	FK-11	agree	n/a	missing	contra	Fk-11&12, Somdutt Chamber-1, 5 Bhikaji Cama Place, New Delhi, Delhi	Fk-11.&21, Somdutt Chamber-1, 5 Bhikaji Cama Place, New Delhi, दिल्ली
S1-67935004	S2-26371495	India	12.195	near_duplicate_number_changed	numbers_differ	4	511	contra	n/a	missing	contra	Flat No 504, Pno 4, 5, 6, Gothic Pangea, Hyd, Hyderabad, Telangana	DOOR NO 511 , PNO 4, 5, 6, GOTHIC PANGEA, HYD, Andhra Pradesh
S1-512742660	S2-487966918	US	12.171	near_duplicate_number_changed	numbers_differ	2771	2775	contra	n/a	missing	contra	2771 1200th Street, Paris, IL	2775 1200TH STREET, PARIS, IL
S1-390152150	S3-987683434	US	12.155	shared_address	numbers_equal	1400	1400	agree	n/a	missing	agree/subset	1400 Dunnam Street, Hobbs, NM	1400 Dunnam Street, Hobbs, NM
S1-456329753	S2-89790821	India	12.118	near_duplicate_name_token_numbers_not_contradicted	numbers_cand_superset		33	missing	n/a	missing	agree/subset	C/O - Rina Kumari, Ward No. - 07, Near Kumar Hardware, Gyan Babu Chowk, Motihari, East Champaran, Bihar	33 C/O - RINA KUMARI, WARD NO. - 07, NEAR KUMAR HARDWARE, GYAN BABU CHOWK, MOTIHARI, Bihar
S1-66271609	S2-953018711	US	12.062	near_duplicate_number_changed	numbers_differ	4001	4004	contra	n/a	missing	contra	4001 Guilford Drive, Springfield, IL	4004 GUILFORD DRIVE, SPRINGFIELD, IL
S1-838524697	S2-137417260	India	11.991	near_duplicate_number_changed	numbers_differ	10/634	10/637	agree	contra	missing	contra	10/634, Bhagat Mandi, Karnal, Haryana	10/637, BHAGAT MANDI, KARNAL, Haryana
S1-891317422	S2-717036926	India	11.99	shared_address	numbers_equal	51/3	51/3	agree	agree	missing	agree/subset	Sn. 51/1, 51/3, P-34, 2 Flr, Frontside, Bhagu Nagar Soc, Surat City, Surat, Gujarat	SN. 51/1, 51/3, P-34, 2 FLR, FRONTSIDE, BHAGU NAGAR SOC, SURAT CITY, SURAT, Gujarat
S1-647609105	S2-936465953	US	11.971	near_duplicate_number_changed	numbers_differ	833	834	contra	n/a	missing	contra	833 Kenyon Spring Drive, Zebulon, NC	834 KENYON SPRING DR, ZEBULON, NC
S1-199614968	S2-299278438	India	11.959	near_duplicate_number_changed	number_added_by_cand		74	missing	n/a	missing	missing	Gokul Buildings K K Roadmuttambalam.P O, Kottayam, Kerala	#74 GOKUL BUILDINGS K K ROADMUTTAMBALAM.P O, KOTTAYAM, Keralam
S1-214939572	S3-967721418	India	11.907	near_duplicate_name_token_numbers_not_contradicted	numbers_cand_superset	B23	79	contra	n/a	missing	agree/subset	Iifl House, Sun Infotech Park, Rd No 16V Plot No. B23, Thane Industrial Area, Thane, Maharashtra	No #79 Iifl House, Sun Infotech Park, Rd No 16V Plot No. B23, Thane Industrial Area, Thane, MH
S1-260553079	S2-924731435	US	11.901	near_duplicate_number_changed	numbers_differ	6125	6132	contra	n/a	missing	contra	6125 84th Place, Marysville, WA	#6132 84TH PLACE, MARYSVILLE, WA
S1-43041607	S2-361928780	US	11.879	near_duplicate_number_changed	numbers_differ	785	789	contra	n/a	missing	contra	785 Red Bud Lane, Sevierville, TN	789 RED BUD LN, SEVIERVILLE, TN
S1-368992698	S2-249377797	US	11.851	near_duplicate_number_changed	numbers_differ	6801	6804	contra	n/a	missing	contra	6801 Northlake Mall Drive, Unit 198A, Charlotte, NC	6804 NORTHLAKE MALL DRIVE, CHARLOTTE, NC
S1-368491959	S2-449941311	India	11.825	near_duplicate_number_changed	numbers_differ	26-5/1A	26-5/5A	agree	contra	missing	agree/subset	26-5/1A, Andhra Pradesh, Visakhapatnam, Mallayyapalem, Madhurawada, Visakhapatnam (Rural), Vishakhapatnam	26-5/5A, MALLAYYAPALEM, MADHURAWADA, VISAKHAPATNAM (RURAL), VISAKHAPATNAM, Andhra Pradesh
S1-480863797	S2-183368491	US	11.825	near_duplicate_number_changed	numbers_differ	265	86	contra	n/a	missing	contra	265 Mule Deer Drive, Incorporated, ID	86 Mule Deer Dr, INCORPORATED, ID
S1-861881372	S2-406118948	US	11.814	near_duplicate_number_changed	numbers_differ	1221	1230	contra	n/a	missing	contra	1221 Watson Road, Arlington, TX	1230 WATSON ROAD, ARLINGTON, TX
S1-694152905	S2-585215977	US	11.81	near_duplicate_number_changed	numbers_differ	506	509	contra	n/a	missing	contra	506 Little Brook Way, Columbus, OH	COLUMBUS, 509. LITTLE BROOK WAY, OH
S1-756738593	S2-840391586	India	11.809	near_duplicate_number_changed	numbers_differ	110	110	agree	n/a	missing	contra	S.R No. 110 Sokhda Road National Highway No. 8A, Vall. Bahadurga, Dh, Morbi, Rajkot, Gujarat	S.R NO. 110  SOKHDA ROAD NATIONAL HIGHWAY NO. 9A, VALL. BAHADURGA, DH, MORBI, Gujarat
S1-567699129	S2-632636582	US	11.775	near_duplicate_number_changed	numbers_differ	1141	1146	contra	n/a	missing	contra	1141 54 Street, Brooklyn, NY	1146. 54 STREET, BROOKLYN, NY
S1-542690842	S2-397154721	US	11.758	near_duplicate_number_changed	numbers_differ	5457	545	contra	n/a	missing	contra	5457 Hilltop Road, Prineville, OR	545 HILLTOP ROAD, PRINEVILLE, OR
S1-27870244	S2-997371022	US	11.752	near_duplicate_number_changed	numbers_differ	532	533	contra	n/a	missing	contra	532 Asbury Road, Rio Rancho, NM	533 ASBURY RD, RIO RANCHO, NM
S1-666221659	S2-308268060	India	11.737	near_duplicate_number_changed	numbers_differ	14	18	contra	n/a	missing	contra	Plot No. 14, Haribhakti Industrial Estate Dabhoi Road, Pratap Nagar, Vadodara, Gujarat	DOOR NO 18 , HARIBHAKTI INDUSTRIAL ESTATE DABHOI ROAD, PRATAP NAGAR, Gujarat
S1-857839601	S2-123540171	US	11.73	near_duplicate_number_changed	numbers_differ	14722	14724	contra	n/a	missing	contra	14722 Caprio Avenue, Spokane Valley, WA	14724 CAPRIO AVENUE, SPOKANE VALLEY, WA
S1-329256100	S2-579702918	India	11.712	near_duplicate_number_changed	numbers_differ	A-1502	A-1523	contra	n/a	missing	contra	A-1502, Block-A, Gaur Cascade, Ghaziabad, Uttar Pradesh	A-1523, BLOCK-A, GAUR CASCADE, GHAZIABAD, Uttar Pradesh
S1-526514893	S3-498748470	India	11.694	near_duplicate_number_changed	numbers_differ	40	570	contra	n/a	missing	contra	40, Club Enclave Backside, Magnet Resorts, Barewalrd, Ludhiana, Punjab	No 570 43, Club Enclave Backside, Magnet Resorts, Barewalrd, Ludhiana, PB
S1-851438217	S3-847292277	US	11.691	near_duplicate_number_changed	numbers_differ	525	532	contra	n/a	missing	contra	525 Slate Rock Drive, Counce, TN	532 Slate Rock Drive, Counce, Tennessee
S1-586270731	S3-379016466	India	11.684	near_duplicate_number_changed	numbers_differ			missing	n/a	agree	contra	Shop-2 Sno7/2/20 Sangavi Shriram Apptmala Ngr, Pune, Maharashtra	Shop-2 Sno7/2/29 Sangavi Shriram Apptmala Ngr, Pune, MH
S1-344017367	S2-648270149	US	11.676	near_duplicate_number_changed	numbers_differ	2685	2687	contra	n/a	missing	contra	2685 42, Beauregard, AL	BEAUREGARD, AL, 02687 42
S1-130330079	S2-588912372	India	11.632	near_duplicate_number_changed	numbers_differ	36/19	36/23	agree	contra	missing	contra	Hyderabad, H.No. 36/19, Secunderabad, Venkat Rao Colony Penderghast Road, Telangana	H.NO. 36/23, VENKAT RAO COLONY PENDERGHAST ROAD, SECUNDERABAD, Andhra Pradesh
S1-765949062	S2-429560195	US	11.58	near_duplicate_number_changed	numbers_differ	6311	6316	contra	n/a	missing	contra	6311 St Louis Avenue, Fl 0, Saint Louis, MO	6316 ST LOUIS AVENUE, SAINT LOUIS, MO
S1-948736689	S2-972073553	India	11.554	near_duplicate_number_changed	numbers_differ	1084/1	1084/22	agree	contra	missing	contra	Bengaluru, 1084/1, Bangalore, Karnataka, 14Th Cross, Chikkadevaraya Road, Hanumanth Nagar	1084/22, 14TH CROSS, CHIKKADEVARAYA ROAD, HANUMANTH NAGAR, BENGALURU, Karnataka
S1-248950460	S2-328607956	US	11.542	near_duplicate_number_changed	numbers_differ	115-48	115-59	agree	contra	missing	contra	115-48 197 Street, Saint Albans, NY	115-59 197 ST, SAINT ALBANS, NY
S1-362168261	S3-622628144	India	11.524	near_duplicate_number_changed	numbers_differ	6926-33/163-B	6926-33/168-B	agree	contra	missing	contra	6926-33/163-B, Jaipuria Mills Clock Tower, Sabzi Mandi, Delhi, North East	6926-33/168-B, Jaipuria Mills Clock Tower, Sabzi Mandi, North East, Delhi, DL
S1-901711274	S2-491719950	US	11.499	near_duplicate_number_changed	numbers_differ	77	98	contra	n/a	missing	contra	Unit C10, 77 Wilson Street, MA, Marlborough	98 WILSON STREET, MARLBOROUGH, MA
S1-559819994	S3-952007599	US	11.464	shared_address	numbers_equal	4019	4019	agree	n/a	missing	agree/subset	4019 Washington Street, Westmont, IL	4019 Washington Street, Westmont, IL
S1-974331878	S3-294067041	US	11.43	near_duplicate_number_changed	numbers_differ	92	105-C	contra	n/a	missing	contra	92 Sailors Ravine Court, Florence, OR	105-C Sailors Ravine Court, Florence, Oregon
S1-627029452	S2-343150335	US	11.416	near_duplicate_number_changed	numbers_differ	36775	36776	contra	n/a	missing	contra	36775 Crd 96, Cross Timbers, MO	36776 CRD 96, CROSS TIMBERS TOWNSHIP, MO
S1-183644151	S2-793671458	US	11.361	near_duplicate_number_changed	numbers_differ	2282	2284	contra	n/a	missing	contra	2282 2100, Layton, UT	002284 2100, LAYTON, UT
S1-648311072	S2-165794473	India	11.355	near_duplicate_number_changed	number_added_by_cand		67	missing	n/a	missing	missing	Tilonia Road, Harmara Kishangarh, Ajmer, Rajasthan	67 TILONIA ROAD, HARMARA KISHANGARH, AJMER, Rajasthan
S1-694580055	S3-766657892	India	11.345	near_duplicate_number_changed	numbers_differ	85P3	85P14	agree	contra	missing	contra	S. No. 85P3, Opp. Surya Foam Morbi-Halvad Road, Tal. Morbi, Unchi Mandal, Gujarat	S. No. 85P14, Opp. Surya Foam Morbi-halvad Road, Tal. Morbi, Unchi Mandal, ગુજરાત
S1-760503256	S3-233075416	India	11.328	near_duplicate_number_changed	numbers_differ	48/1C	48/6	agree	contra	missing	contra	48/1C, B.T.Road Sinthee, Kolkata, Howrah, West Bengal	48/6, B.t.road Sinthee, Kolkata, Howrah, WB
S1-581494564	S2-143010902	US	11.319	near_duplicate_number_changed	numbers_differ	10332	10339	contra	n/a	missing	contra	10332 Linger Lane, Keller, TX	10339 LINGER LANE, KELLER, TX
S1-519133951	S3-355777375	India	11.305	near_duplicate_number_changed	numbers_differ	5/27	5/38	agree	contra	missing	contra	5/27 Industrial Area Najafgarhroad New Delhi, North Delhi, Delhi	#5/38 Industrial Area Najafgarhroad New Delhi, North Delhi, DL
S1-155563387	S2-761486094	US	11.303	near_duplicate_number_changed	numbers_differ	712	733	contra	n/a	missing	contra	712 Great Ridge Parkway, Chapel Hill, NC	733 Great Ridge Parkway, CHAPEL HILL, NC
S1-997464493	S2-252023685	India	11.301	near_duplicate_number_changed	numbers_differ			missing	n/a	contra	contra	Flat No. 305 B Wing Kushal Nivriti, Kondhwa Khurd, Pune, Maharashtra	FLAT NO. 312 B WING KUSHAL NIVRITI, KONDHWA KHURD, PUNE, महाराष्ट्र
S1-741413560	S3-709019721	US	11.301	possible_gt_omission	numbers_equal	2365	2365	agree	n/a	missing	agree/subset	2365 E Street, Springfield, OR	2365 E St, Springfield, Oregon
S1-29638685	S3-275085041	US	11.283	shared_address	numbers_equal	120	120	agree	n/a	missing	agree/subset	120 Reuben Circle, Argo, AL	120 Reuben Circle, Argo, AL
S1-231016096	S3-94923779	US	11.271	near_duplicate_number_changed	numbers_differ	1740	1747	contra	n/a	missing	contra	1740 Ellsworth Street, Gary, IN	1747 Ellsworth Street, Gary, Indiana
S1-998468393	S2-819335843	US	11.258	near_duplicate_number_changed	numbers_differ	6527	6528	contra	n/a	missing	contra	6527 Tippy Lane, Marion, IL	6528 TIPPY LN, MARION, IL
S1-941623817	S3-215563995	US	11.195	near_duplicate_number_changed	numbers_differ	208	211	contra	n/a	missing	contra	208 Swihart Road, Leachville, AR	211 Swihart Road, Leachville, Arkansas
S1-814735024	S2-452027522	US	11.188	near_duplicate_number_changed	numbers_differ	1035	1048	contra	n/a	missing	contra	OH, 1035 Cr 198, Fremont	1048 CR 198, FREMONT, OH
S1-551794426	S3-527444433	India	11.15	near_duplicate_number_changed	numbers_differ	SB-706	SB-709	contra	n/a	missing	contra	Sb-706, Tower Gulmohar, Sector-6, Chiranjiv Vihar, Ghaziabad, Uttar Pradesh	Sb-709, Tower Gulmohar, Sector-6, Chiranjiv Vihar, Ghaziabad, UP
S1-78405243	S2-431767141	India	11.123	near_duplicate_number_changed	numbers_differ	33	35	contra	n/a	missing	contra	33 Sf36/1 36/2 Abhishek C, Gidc Makarpura, Vadodara, Gujarat	#35 SF36/1 36/2 ABHISHEK C, GIDC MAKARPURA, VADODARA, ગુજરાત
S1-837017133	S2-930013622	India	11.085	near_duplicate_number_changed	numbers_differ			missing	n/a	missing	contra	L.P.-3/2/146, Ward No - 46, Bahadurpur Housing Colony, Near Sbi Bank, Shiv Mandir, Bahadurpur, Sampatchak, Patna, Bihar	Bihar, L.P.-3/2/147/2, WARD NO - 46, BAHADURPUR HOUSING COLONY, NEAR SBI BANK, SHIV MANIDR, BAHADURPUR, SAMPATCHAK
S1-577586779	S2-387659374	US	11.077	near_duplicate_number_changed	numbers_differ	9204	9207-B	contra	n/a	missing	contra	9204 Old Mount Vernon Road, Fairfax County, VA	9207-B Old Mount Vernon Road, FAIRFAX COUNTY, VA
S1-925653441	S2-426430678	US	11.036	near_duplicate_number_changed	numbers_differ	23-10	23-19	agree	contra	missing	contra	23-10 Regina Avenue, Far Rockaway, NY	23-19  REGINA AVE, FAR ROCKAWAY, NY
S1-872413792	S2-650011037	US	11.018	near_duplicate_number_changed	numbers_differ	570	583	contra	n/a	missing	contra	570 57th Avenue, Fridley, MN	583 57TH AVE, FRIDLEY, MN
S1-180467247	S2-686525965	India	11.015	near_duplicate_number_changed	numbers_differ	26/33	26/36/2	agree	contra	missing	contra	26/33 3Rd Floorsurya Plaza East Patel Nagar, New Delhi, Central Delhi, Delhi	26/36/2 3RD FLOORSURYA PLAZA EAST PATEL NAGAR, NEW DELHI, Delhi
S1-807628642	S2-131313462	India	10.965	near_duplicate_number_changed	numbers_differ	196	209	contra	n/a	missing	contra	Plot No. 196, Symphony Road, Beside Lipi School, Beeramguda, Ramachandrapuram, Medak, Telangana	Telangana, PLOT NO. 209, SYMPHONY ROAD, BESIDE LIPI SCHOOL, BEERAMGUDA, RAMACHANDRAPURAM
S1-702845323	S3-430564373	US	10.958	near_duplicate_number_changed	numbers_differ	5575	5577	contra	n/a	missing	contra	5575 Baytes Circle, Brownsville, TX	5577 Baytes Circle, Brownsville, Texas
S1-479675099	S2-921057572	US	10.905	near_duplicate_number_changed	numbers_differ	14041	14062	contra	n/a	missing	contra	14041 Ronneby Road, Foley, MN	MN, 14062- RONNEBY ROAD, FOLEY
S1-765168930	S2-751592585	US	10.892	near_duplicate_number_changed	numbers_differ	1201	1222	contra	n/a	missing	contra	1201 Canterbury Boulevard, Altus, OK	1222 CANTERBURY BOULEVARD, ALTUS, OK
S1-629949654	S3-42148270	India	10.859	near_duplicate_number_changed	numbers_differ	2-239	2-252	agree	contra	missing	contra	H No 2-239 Timber Market, Khammam, Telangana	2-252 Timber Market, Khammam, తెలంగాణ
S1-415670258	S2-622650481	US	10.845	near_duplicate_number_changed	numbers_differ	2805	826	contra	n/a	missing	contra	2805 Buffalo Run, Bedford County, VA	826 BUFFALO RUN, BEDFORD COUNTY, VA
S1-257476272	S2-923886441	India	10.828	near_duplicate_number_changed	numbers_differ	32	124	contra	n/a	missing	contra	32, Ezra Street, Room No, 49&50, Kolkata, Howrah, West Bengal	DOOR NO 124 33, EZRA STREET, ROOM NO, 49&50, KOLKATA, পশ্চিমবঙ্গ
S1-641445625	S2-174090504	US	10.827	near_duplicate_number_changed	numbers_differ	77	82	contra	n/a	missing	contra	77 Burgess Avenue, Westwood, MA	82 Burgess Avenue, WESTWOOD CTY, MA
S1-840015134	S2-84146194	India	10.741	shared_address	numbers_equal	43	43	agree	n/a	agree	agree/subset	43, Hakim Manzil, R No. 7 Gr Flr Navpada, Bandra East, Mumbai, Mumbai City, Maharashtra	43, HAKIM MANZIL, R NO. 7 GR FLR NAVPADA, BANDRA EAST, MUMBAI, MUMBAI CITY, Maharashtra
S1-855283970	S2-560986739	US	10.703	near_duplicate_number_changed	numbers_differ	1025	1046	contra	n/a	missing	contra	1025 1320E, Stronghurst, IL	1046 1320E, STRONGHURST, IL
S1-769989502	S2-57329812	India	10.681	near_duplicate_number_changed	numbers_differ			missing	n/a	contra	contra	Maharashtra, Shop No.66, Kandivali East, Building No.73, Evershine Millanium Paradise Sector-1, Thakur Village, Mumbai City	SHOP NO.78 , BUILDING NO.73, EVERSHINE MILLANIUM PARADISE SECTOR-1, THAKUR VILLAGE, KANDIVALI EAST, Maharashtra
S1-1145614	S2-756200882	India	10.655	shared_address	numbers_equal	193	193	agree	n/a	missing	agree/subset	Plot No. 193, Hig, Sector 6B Vrindavan Yojna-1, Raibarely Road, Lucknow, Uttar Pradesh	PLOT NO. 193, HIG, SECTOR 6B VRINDAVAN YOJNA-1, RAIBARELY ROAD, LUCKNOW, Uttar Pradesh
S1-670746590	S2-587594494	US	10.644	near_duplicate_number_changed	numbers_differ	503	514	contra	n/a	missing	contra	503 Bard Road, Oxnard, CA	514 BARD ROAD, OXNARD, CA
S1-196670148	S2-869912283	India	10.627	near_duplicate_number_changed	numbers_differ	14	27	contra	n/a	missing	contra	Plot No 14, Bande, Sankul Nagar, Jule, Solapur North, Solapur, Maharashtra	PLOT NO #27 , BANDE, SANKUL NAGAR, JULE, SOLAPUR NORTH, Maharashtra
S1-839303027	S3-281952634	India	10.588	near_duplicate_number_changed	numbers_differ	C1	C22	contra	n/a	missing	contra	C1, Tnhb Flat, West Avenue Road, M.K.B.Nagar Vyasarpadi, Chennai, Tamil Nadu	C22, Tnhb Flat, West Avenue Road, M.k.b.nagar Vyasarpadi, Chennai, TN
S1-629801203	S2-355005624	US	10.584	near_duplicate_number_changed	numbers_differ	2405	2412	contra	n/a	missing	contra	2405 Bagdad Road, Leander, TX	2412 BAGDAD ROAD, LEANDER, TX
S1-140844607	S3-91171672	India	10.563	near_duplicate_number_changed	numbers_differ		578	missing	n/a	missing	contra	Bldg No C3/203, Apurva Lok, Rachana Chs Ltd, Amar, Mumbai, Maharashtra	H.no 578 Bldg No C3/208, Apurva Lok, Rachana Chs Ltd, Amar, Mumbai, महाराष्ट्र
S1-942823365	S2-106581609	US	10.545	near_duplicate_number_changed	numbers_differ	3614	3618	contra	n/a	missing	contra	3614 Cotton Road, Eclectic, AL	AL, 3618 COTTON ROAD, ECLECTIC
S1-385039059	S3-941479039	US	10.529	near_duplicate_number_changed	numbers_differ	2963	2984	contra	n/a	missing	contra	2963 Jonestown Road, Clinton, IN	##2984 Jonestown Road, Clinton, Indiana
S1-31986060	S2-923771115	US	10.516	near_duplicate_number_changed	numbers_differ	12620	12641	contra	n/a	missing	contra	12620 Palos Drive W, Palos Park, IL	12641 PALOS DR W, PALOS PARK, IL
S1-864609059	S2-235805979	US	10.495	near_duplicate_number_changed	numbers_differ	9	10	contra	n/a	missing	contra	9 Blanchard Hill Road, Kingfield, ME	10 BLANCHARD HILL ROAD, KINGFIELD, ME
S1-9774959	S2-261798948	US	10.438	near_duplicate_number_changed	numbers_differ	108	117	contra	n/a	missing	contra	108 Hilltop Drive, City Of Milton, WI	117 HILLTOP DRIVE, CITY OF MILTON, WI
S1-458496858	S2-461301350	US	10.429	near_duplicate_number_changed	numbers_differ	8726	8729	contra	n/a	missing	contra	8726 Izard Street, Omaha, NE	8729 Izard Street, OMAHA, NE
S1-382705071	S3-937930643	India	10.424	near_duplicate_number_changed	numbers_differ	47	48	contra	n/a	missing	contra	47 Govt. Indl Estate Kandivli(W), Mumbai, Maharashtra	#48 Govt. Indl Estate Kandivli(w), Mumbai, MH
S1-453070973	S3-448937172	US	10.418	near_duplicate_number_changed	numbers_differ	1275	1296	contra	n/a	agree	contra	1275 Sunnyside Road, Unit A, Nelson Creek, KY	1296 Sunnyside Road, Unit A, Nelson Creek, Kentucky
S1-273895456	S3-168850318	US	10.411	near_duplicate_number_changed	numbers_differ	1256	1267	contra	n/a	missing	contra	1256 Day Street, City Of Green Bay, WI	1267 Day Street, City Of Green Bay, Wisconsin
S1-421008562	S2-411038092	India	10.37	near_duplicate_name_token_numbers_not_contradicted	numbers_cand_superset	185	12	contra	n/a	missing	agree/subset	Maharashtra, Pune, Shirur, Ground Floor, Shop No. 6Th Gat No. 185, Patel Complex Near John Deere Sanaswadi	H.NO 12 GROUND FLOOR, SHOP NO. 6TH GAT NO. 185, PATEL COMPLEX NEAR JOHN DEEER SANASWADI, SHIRUR, Maharashtra
S1-27980076	S2-702105475	US	10.358	near_duplicate_number_changed	numbers_differ	7258	7271	contra	n/a	missing	contra	7258 Old Sauk Road, City Of Madison, WI	7271 OLD SAUK ROAD, CITY OF MADISON, WI
S1-425295927	S2-12096423	US	10.358	near_duplicate_number_changed	numbers_differ	7111	7118-D	contra	n/a	missing	contra	7111 Horner Avenue, Fl 0, Saint Louis, MO	7118-D HORNER AVE, SAINT LOUIS, MO
S1-250033672	S2-353654705	US	10.272	near_duplicate_number_changed	numbers_differ	2005	2016B	contra	n/a	missing	contra	2005 Bastona Drive, Elk Grove, CA	2016B BASTONA DRIVE, CA, ELK GROVE CPD
S1-102704158	S2-64537776	India	10.239	near_duplicate_number_changed	numbers_differ			missing	n/a	missing	missing	Door No Vii 889Bvettoor Tourist Home Ettumanoor P O, Kottayam, Kerala	DOOR NO VII 896BVETTOOR TOURIST HOME ETTUMANOOR P O, KOTTAYAM, Kerala
S1-687827284	S2-441367311	US	10.236	near_duplicate_number_changed	numbers_differ	2314	2319	contra	n/a	missing	contra	2314 Utter Street, Bellingham, WA	02319 UTTER ST, BELLINGHAM, WA
S1-505814935	S3-847250596	US	10.212	near_duplicate_number_changed	numbers_differ	8859	8870	contra	n/a	missing	contra	8859 Senator Royall Drive, Charlotte, NC	8870 Senator Royall Drive, PMB 3674, Charlotte, North Carolina
S1-861793418	S2-772536149	India	10.212	near_duplicate_number_changed	number_added_by_cand		78	missing	n/a	missing	missing	C/O Radhey Shyam Agrawal, Manglam Malhar Colony Medical College Road, Gorakhpur, Uttar Pradesh	#78 C/O RADHEY SHYAM AGRAWAL, MANGLAM MALHAR COLONY MEDICAL COLLEGE ROAD, GORAKHPUR, Uttar Pradesh
S1-120788755	S2-33827288	US	10.18	near_duplicate_number_changed	numbers_differ	5401	5406	contra	n/a	missing	contra	5401 15 Avenue, Brooklyn, NY	5406 15 AVENUE, BROOKLYN, NY
S1-652010176	S2-653446460	US	10.164	near_duplicate_number_changed	numbers_differ	6107	6111	contra	n/a	missing	contra	6107 Rattmann Road, Town Of Burke, WI	6111 RATTMANN RD, TOWN OF BURKE, WI
S1-745548773	S3-719396002	US	10.16	near_duplicate_number_changed	numbers_differ	157	178	contra	n/a	missing	contra	157 Heron Ct, Middlesex County, VA	0178 Heron Ct, PO Box 6829, Middlesex County, Virginia
S1-414779360	S2-151171159	US	10.138	near_duplicate_number_changed	numbers_differ	21325	21346	contra	n/a	missing	contra	21325 Conifer Drive, Plainfield, IL	21346 CONIFER DR, PLAINFIELD, IL
S1-26690706	S3-429384085	US	10.119	near_duplicate_number_changed	numbers_differ	318	319	contra	n/a	missing	contra	318 Middleton Court, Fl 1, Rainier, WA	319 Middleton Court, Fl 1, Rainier CIY, Washington
S1-251418436	S2-649261082	India	10.012	near_duplicate_number_changed	numbers_differ			missing	n/a	contra	contra	Office No.303, C Wing, 3Rd Floor, Arkade Aspire, I B Patel Road, Goregaon East, Mumbai, Maharashtra	OFFICE NO.312, C WING, 3RD FLOOR, ARKADE ASPIRE, I B PATEL ROAD, GOREGAON EAST, Maharashtra
S1-911261433	S3-723880776	India	9.981	near_duplicate_number_changed	numbers_differ	63/1	63/12	agree	contra	missing	contra	S No 63/1, Mahadev Vihar, Flat No 1, Parvati, Pune City, Pune, Maharashtra	S No 63/12, Pune City, Pune, MH
S1-638191732	S2-350530303	US	9.973	near_duplicate_number_changed	numbers_differ	150	171	contra	n/a	missing	contra	150 Presley Lane, Livingston, TN	LIVINGSTON, TN, 171 PRESLEY LANE
S1-307624228	S3-877784083	US	9.945	near_duplicate_number_changed	numbers_differ	2025	2026	contra	n/a	missing	contra	2025 Brianna Lane, Arlington, TX	##2026 Brianna Lane, Arlington, Texas
S1-781377227	S2-973467575	US	9.945	near_duplicate_number_changed	numbers_differ	9931	9944	contra	n/a	missing	contra	9931 3975 Road, Washington County, OK	9944 3975 RD, WASHINGTON COUNTY, OK
S1-360908528	S2-925733139	US	9.904	near_duplicate_number_changed	numbers_differ	1637	1658	contra	n/a	missing	contra	Malvern, AR, 1637 Highway 171	AR, MALVERN, 1658 HIGHWAY 171
S1-999366092	S2-963211377	US	9.904	near_duplicate_number_changed	numbers_differ	1150	1151	contra	n/a	missing	contra	1150 Goss Avenue, Village Of Fox Crossing, WI	1151 GOSS AVENUE, VILLAGE OF FOX CROSSING, WI
S1-851884495	S3-494841404	India	9.871	near_duplicate_number_changed	number_added_by_cand		83	missing	n/a	missing	missing	Shiva Ji Nagar, Raebareli, Rae Bareli, Raibareilly, Uttar Pradesh	No 83 Shiva Ji Nagar, Raebareli, Rae Bareli, Raibareilly, UP
S1-272722628	S3-302620291	India	9.867	possible_gt_omission	numbers_cand_superset		8	missing	n/a	missing	agree/subset	Sitakundu Madharatsub Po Sitakundu Viapost Madharat, South 24 Parganas, West Bengal	8. Sitakundu Madharatsub Po Sitakundu Viapost Madharat, South 24 Parganas, WB, South 24 Parganas
S1-932246907	S3-724685479	US	9.853	near_duplicate_number_changed	numbers_differ	14606	14615	contra	n/a	missing	contra	14606 Village Parkway, Litchfield Park, AZ	14615 Village Parkway, Litchfield Park, Arizona
S1-531809202	S2-793258975	US	9.832	near_duplicate_number_changed	numbers_differ	1138	1149	contra	n/a	missing	contra	1138 Poland Hollow Road, Springfield, WV	1149 POLAND HOLLOW RD, SPRINGFIELD, WV
S1-807964708	S3-907630957	India	9.83	near_duplicate_number_changed	numbers_differ	79/2/1	79/2/4	agree	contra	missing	contra	S No 79/2/1, Pl 3, Fl 5, Lalit Mahal, Nilgiri Lane, Haveli, Pune, Maharashtra	S No 79/2/4, Pl 3, Fl 5, Lalit Mahal, Nilgiri Lane, Haveli, Pune, महाराष्ट्र
S1-672197970	S2-12826784	India	9.792	near_duplicate_number_changed	numbers_differ	21B	23B	contra	n/a	missing	contra	Chennai, 5Th Cross Street, South Phase, Tamil Nadu, Chennai City Corporation, 21B	23B, 5TH CROSS STREET, SOUTH PHASE, CHENNAI CITY CORPORATION, Tamil Nadu
S1-163706020	S3-973284404	US	9.736	near_duplicate_number_changed	numbers_differ	1392	1396	contra	n/a	missing	contra	1392 Sunnyfield Circle, Upland, CA	1396 Sunnyfield Circle, N/A, Upland, California
S1-423824682	S2-138327056	US	9.716	near_duplicate_number_changed	numbers_differ	9546	9547	contra	n/a	missing	contra	Unit SUITE 126, IN, 9546 Allisonville Road, Indianapolis	IN, INDIANAPOLIS, 9547. ALLISONVILLE ROAD
S1-867301957	S2-706828467	US	9.703	near_duplicate_number_changed	numbers_differ	4928	4932	contra	n/a	missing	contra	4928 Fairview Lane, IL, Skokie	4932 FAIRVIEW LN, SKOKIE, IL
S1-693965045	S3-780549266	India	9.66	near_duplicate_name_token_numbers_not_contradicted	numbers_cand_superset	706	SF-4	contra	n/a	missing	agree/subset	Ghaziabad, Uttar Pradesh, Ghaziabad, 706, Shakti Khand-3 Indirapuram, Sf-3	Sf-4, 706, Shakti Khand-3 Indirapuram, Ghaziabad, उत्तर प्रदेश
S1-669643004	S3-90191955	India	9.658	near_duplicate_number_changed	numbers_differ			missing	n/a	missing	contra	Hyderabad, Villa 16, Telangana, Legend Chimes Kokapet, Hyderabad	Villa 19, Legend Chimes Kokapet, Hyderabad, TG
S1-574314003	S3-670770831	US	9.644	near_duplicate_number_changed	numbers_differ	7908	7913	contra	n/a	missing	contra	7908 Kendall Road, Maple Falls, WA	7913 Kendall Road, Maple Falls, Washington
S1-835885687	S2-19973137	India	9.569	near_duplicate_number_changed	numbers_differ	28	G-35	contra	n/a	missing	contra	Chennai-29., No.28, Perumal Koil Street, Aminjikarai, Tamil Nadu, Chennai-29.	NO.G-35 , PERUMAL KOIL STREET, AMINJIKARAI, CHENNAI-29., Tamil Nadu
S1-679783190	S3-695819704	US	9.568	near_duplicate_number_changed	numbers_differ	475	476	contra	n/a	missing	contra	475 Jackson Lane, Lavon, TX	476 Jackson Lane, Lavon, Texas
S1-946312713	S3-384280449	India	9.56	near_duplicate_number_changed	numbers_differ	504	515	contra	n/a	missing	contra	504 5Th Floor Tp Nagar, 678/1 Behsa Kanpur Road, Lucknow, Uttar Pradesh	515 5Th Floor Tp Nagar, 678/1 Behsa Kanpur Road, Lucknow, UP
S1-108796223	S2-677540055	US	9.534	near_duplicate_number_changed	numbers_differ	5	18	contra	n/a	missing	contra	5 Panorama Drive, Redlands, CA	REDLANDS, CA, 18 PANORAMA DRIVE
S1-690452652	S2-72459542	US	9.528	near_duplicate_number_changed	numbers_differ	14375	14382	contra	n/a	missing	contra	Wadsworth, 14375 Oak Knoll Road, IL	14382 OAK KNOLL RD, WADSWORTH, IL
S1-437245617	S2-226837420	US	9.51	near_duplicate_number_changed	numbers_differ	27412	27415A	contra	n/a	missing	contra	27412 35th Avenue, Arlington, WA	27415A 35TH AVENUE, ARINGTON CITY, WA
S1-693961955	S3-523504089	US	9.502	shared_address	numbers_equal	7012	7012	agree	n/a	missing	agree/subset	7012 Founders Drive, Vestavia Hills, AL	AL, 7012 Founders Drive, Vestavia Hills
S1-913004979	S3-777662148	US	9.496	near_duplicate_number_changed	numbers_differ	2541	2552	contra	n/a	missing	contra	KS, 2541 183rd Court, Colwich	002552 183rd Court, Colwich, Kansas
S1-193612699	S2-297254513	US	9.482	near_duplicate_number_changed	numbers_differ	115	117-121	contra	n/a	missing	contra	IN, Gas City, 115 N C Street	117-121 N C ST, GAS CITY, IN
S1-985866299	S3-246646947	India	9.467	near_duplicate_number_changed	numbers_differ		725/9	missing	n/a	contra	contra	Office No. 1, Hamid Sayyed Compound, Nr. Kaka Dhaba, Adivali, Dhokali, Kalyan, Thane, Maharashtra	Plot 725/9 Office No. 12, Hamid Sayyed Compound, Nr. Kaka Dhaba, Adivali, Dhokali, Thane, Kalyan, महाराष्ट्र
S1-630824339	S2-382074651	US	9.461	near_duplicate_number_changed	numbers_differ	65696	65700	contra	n/a	missing	contra	65696 Honeysuckle Avenue, Goshen, IN	65700 HONEYSUCKLE AVENUE, GOSHEN, IN
S1-90095780	S3-980443118	US	9.439	near_duplicate_number_changed	numbers_differ	423	424	contra	n/a	missing	contra	423 Spruce Street, Dixon, IL	#424 Spruce Street, Dixon, Illinois
S1-760033032	S2-255916829	US	9.437	near_duplicate_number_changed	numbers_differ	18213	1821	contra	n/a	missing	contra	18213 Governors Highway, Homewood, IL	1821 GOVERNORS HWY, PO BOX 1318, HOMEWOOD, IL
S1-837220714	S3-55640718	India	9.431	near_duplicate_number_changed	numbers_differ	N-4/208	N-4/209	agree	contra	missing	contra	Plot No -N-4/208, Irc Village Nayapalli, Bhubaneswar, Khordha, Orissa	Plot No -N-4/209, Irc Village Nayapalli, Bhubaneswar Hq Region, Khordha, ଓଡ଼ିଶା
S1-937753795	S3-739656080	India	9.401	near_duplicate_number_changed	number_added_by_cand		42	missing	n/a	missing	missing	Netaji Road Kabisurya Nagar, Berhampur, Ganjam, Orissa	No 42 Netaji Road Kabisurya Nagar, Ganjam, Berhampur, ଓଡ଼ିଶା
S1-637743798	S2-56816612	US	9.376	shared_address	numbers_cand_subset	15380	15380	agree	n/a	missing	agree/subset	15380 Fillmore Street, Unit 3018, Goodyear, AZ	##15380 FILLMORE STREET, GOODYEAR, AZ
S1-795648591	S2-752235229	US	9.36	near_duplicate_number_changed	numbers_differ	781	786 1/2	contra	n/a	missing	contra	781 Atwood Road, Town Of Bel Air, MD	786 1/2 ATWOOD RD, TOWN OF BEL AIR, MD
S1-350163280	S2-225557845	US	9.324	near_duplicate_number_changed	numbers_differ	9555	9559	contra	n/a	missing	contra	9555 Hare Road, Pulteney, NY	9559 HARE ROAD, HAMMONDSPORT, NY
S1-56183822	S2-148829002	India	9.271	near_duplicate_number_changed	numbers_differ	72	93	contra	n/a	missing	contra	Kolkata, West Bengal, Kolkata, 72 Bentinck Street Formerly Known As P16 Bentinck Street, Howrah	93 BENTINCK STREET FORMERLY KNOWN AS P16 BENTINCK STREET, KOLKATA, KOLKATA, West Bengal
S1-778091796	S3-304535948	US	9.252	near_duplicate_number_changed	numbers_differ	27	48	contra	n/a	missing	contra	27 Lafayette 189, Lewisville, AR	48 Lafayette 189, Lewisville, Arkansas
S1-352896225	S2-455972951	India	9.227	near_duplicate_number_changed	number_added_by_cand		42	missing	n/a	missing	missing	Pune, Near Hanuman Mandir A/T Wanewadi Post Someshwarnagar, Maharashtra, Tal Baramati	NO 42 NEAR HANUMAN MANDIR A/T WANEWADI POST SOMESHWARNAGAR, TAL BARAMATI, Maharashtra
S1-759690175	S3-692048087	India	9.218	near_duplicate_number_changed	numbers_differ			missing	n/a	missing	contra	Door No-37-1-398(14), B- Block, Second Floor, Sai Complex, Trunk Road, Ongole, Prakasam, Andhra Pradesh	B- Block, Second Floor, Sai Complex, Trunk Road, Prakasam, AP, Door No-d/37-1-398(17), Ongole
S1-322694871	S3-628952206	India	9.189	near_duplicate_number_changed	number_added_by_cand		33	missing	n/a	missing	missing	Kondivata Offandheri-Kurla Rd Andheri East, Mumbai, Maharashtra	No 33 Kondivata Offandheri-kurla Rd Andheri East, Bombay, Mumbai, महाराष्ट्र
S1-332476251	S3-216189051	US	9.184	near_duplicate_number_changed	numbers_differ	2770	2775	contra	n/a	missing	contra	2770 203, Danville, AL	2775 203, Danville, Alabama
S1-64319482	S2-493375651	US	9.145	near_duplicate_number_changed	numbers_differ	27714	7727	contra	n/a	missing	contra	27714 152nd Street, Monroe, WA	7727 152ND ST, MONROE, WA
S1-310672460	S2-41110432	US	9.141	near_duplicate_number_changed	numbers_differ	1518	1525	contra	n/a	missing	contra	1518 10th Street, WI, City Of Manitowoc	1525 10TH STREET, CITY OF MANITOWOC, WI
S1-878684469	S3-311374906	US	9.137	near_duplicate_number_changed	numbers_differ	11821	11826	contra	n/a	missing	contra	11821 176th Avenue, Snohomish, WA	11826 176th Avenue, Snohomish, Washington
S1-125508712	S2-7374165	US	9.058	near_duplicate_number_changed	numbers_differ	1012	1014	contra	n/a	missing	contra	1012 Boyer Street, Dubuque, IA	1014 BOYER ST, DUBUQUE, IA
S1-877580368	S3-492809146	India	9.027	near_duplicate_number_changed	numbers_differ	B-90	B-92	contra	n/a	missing	contra	B-90 First Floor Vishwakarma Colony, New Delhi, South Delhi, Delhi	South, South Delhi, B-92 First Floor Vishwakarma Colony, दिल्ली
S1-433061022	S2-364099053	US	9.023	near_duplicate_number_changed	numbers_differ	3840	3844	contra	n/a	missing	contra	3840 Young Street, Unit APT 1, Anchorage, AK	3844 YOUNG STREET, ANCHORAGE, AK
S1-97134480	S3-351065059	India	9.009	near_duplicate_number_changed	numbers_differ		17	missing	n/a	missing	contra	Aparagita Enclave, Flat No-303, Jyoti Puram, Phulwari, Patna, Bihar	No 17 Aparagita Enclave, Patna, BR
S1-713204218	S3-807118958	India	9.0	near_duplicate_number_changed	numbers_differ			missing	n/a	missing	contra	F 36 Road No 2 Vkia, Jaipur, Rajasthan	F 36 Road No 4 Vkia, Jaipur, राजस्थान
S1-105764270	S3-788427081	US	8.987	shared_address	numbers_equal	1565	1565	agree	n/a	missing	agree/subset	1565 Bridget Lane, Twinsburg, OH	1565 Bridget Lane, Twinsburg, Ohio
S1-194891306	S3-460363689	US	8.959	near_duplicate_number_changed	numbers_differ	5715	5717	contra	n/a	missing	contra	5715 Ninth Street, Delphi, IN	5717 Ninth Street, Delphi, Indiana
S1-210007076	S2-486998479	US	8.938	near_duplicate_number_changed	numbers_differ	707	716	contra	n/a	missing	contra	TX, 707 Central Avenue, Comanche	716 CENTRAL AVENUE, COMANCHE, TX
S1-88342555	S2-443194899	US	8.919	near_duplicate_number_changed	numbers_differ	732	736	contra	n/a	missing	contra	732 Michael St, Unit 8, Iowa City, IA	736 MICHAEL ST, IOWA CITY, IA
S1-1738123	S2-104284923	US	8.909	near_duplicate_number_changed	numbers_differ	351	356	contra	n/a	missing	contra	351 Averett Place, Danville City, VA	356 AVERETT PLACE, DANVILLE CITY, VA
S1-143864032	S3-467782435	US	8.894	near_duplicate_number_changed	numbers_differ	3965	3972	contra	n/a	missing	contra	3965 Pine Top Road, London, KY	03972 Pine Top Rd, London, Kentucky
S1-995764234	S2-560905992	US	8.882	near_duplicate_number_changed	numbers_differ	12	13	contra	n/a	missing	contra	12 Parker Road, Unit 2, Wakefield, MA	13 PARKER RD, WAKEFIELD, MA
S1-87265764	S2-147508164	India	8.874	near_duplicate_number_changed	number_added_by_cand		76	missing	n/a	missing	missing	C/O Rafikul Islam Sukanta, Pally Saraitikar Amtala, Burdwan - I, Bardhaman, West Bengal	H.NO 76 C/O RAFIKUL ISLAM SUKANTA, PALLY SARAITIKAR AMTALA, BURDWAN - I, West Bengal
S1-374512844	S2-653044087	India	8.874	near_duplicate_number_changed	number_added_by_cand		1-35	missing	n/a	missing	missing	C/O Khaka Ganpati Murmure, At Post Chivali, Tq Mukhed, Nanded, Maharashtra	NO 1-35 C/O KHAKA GANPATI MURMURE, AT POST CHIVALI, TQ MUKHED, NANDED, Maharashtra
S1-551140982	S2-950953611	India	8.825	near_duplicate_number_changed	numbers_differ	405	407	contra	n/a	missing	contra	405, Sashank Aadya, Samrajpura, Bangalore North, Bangalore, Karnataka	407, SASHANK AADYA, SAMRAJPURA, BANGALORE NORTH, BANGALORE, Karnataka
S1-4734931	S2-721198020	US	8.812	near_duplicate_number_changed	numbers_differ	14028	14030	contra	n/a	missing	contra	14028 Newcomer Road, Hagerstown, MD	HAGERSTOWN, 14030 NEWCOMER ROAD, MD
S1-492467981	S2-567427490	US	8.803	near_duplicate_number_changed	numbers_differ	2801	280	contra	n/a	missing	contra	2801 Wellborn Road, City Of Wausau, WI	280 WELLBORN ROAD, CITY OF WAUSAU, WI
S1-281351367	S3-73820195	US	8.776	near_duplicate_number_changed	numbers_differ	5306	5310	contra	n/a	missing	contra	5306 Brinsted Avenue, West Carrollton, OH	#5310 Brinsted Avenue, West Carrollton, Ohio
S1-488283805	S2-440951732	US	8.674	near_duplicate_number_changed	numbers_differ	1327	1340	contra	n/a	missing	contra	1327 Quail Valley Road, Nashville, TN	##1340 QUAIL VALLEY RD, PMB 5511, NASHVILLE, TN
S1-709486856	S2-684112522	US	8.663	near_duplicate_number_changed	numbers_differ	2592	2603	contra	n/a	missing	contra	2592 Houston Street, Paris, TX	TX, PARIS, 02603 HOUSTON STREET
S1-201378885	S2-543567145	India	8.661	near_duplicate_number_changed	numbers_differ	37-10	37-23	agree	contra	missing	contra	Karnataka, Bangalore, 37-10, G Block, Ground Floor, Sahakarnagar, Bangalore North	37-23, G BLOCK, GROUND FLOOR, SAHAKARNAGAR, BANGALORE NORTH, ಕರ್ನಾಟಕ
S1-242292031	S2-715529846	India	8.63	near_duplicate_number_changed	numbers_differ	15	18	contra	n/a	missing	contra	Howrah, Bagree Flour Mill Compound, Kolkata, West Bengal, Kolkata, 15 Canal East Road	18 CANAL EAST ROAD, BAGREE FLOUR MILL COMPOUND, KOLKATA, KOLKATA, West Bengal
S1-841500330	S3-644740196	US	8.623	near_duplicate_number_changed	numbers_differ	121	122	contra	n/a	agree	contra	121 Pleasant Grove Road, Unit Apartment 1002, Ithaca, NY	122 Pleasant Grove Road, Unit Apartment 1002, Forest Home, New York
S1-90847886	S2-742429056	India	8.615	near_duplicate_number_changed	numbers_differ	216	419	contra	n/a	missing	contra	Plot No 216, Ganesh Nagar, Near Gopal Nagar, Amrutdham, Nashik, Maharashtra	PLOT NO 419 , GANESH NAGAR, NEAR GOPAL NAGAR, AMRUTDHAM, NASHIK, Maharashtra
S1-653974578	S2-312006521	US	8.593	near_duplicate_number_changed	numbers_differ	402	409	contra	n/a	missing	contra	402 Jonestown Road, Alleghany County, VA	##409 Jonestown Rd, ALLEGHANY COUNTY, VA
S1-501781262	S3-612818136	US	8.57	near_duplicate_number_changed	numbers_differ	9384	9391	contra	n/a	missing	contra	9384 54, Town Of Dexter, WI	9391 54, Town Of Dexter, Wisconsin
S1-5420517	S2-739946050	US	8.522	near_duplicate_number_changed	numbers_differ	3731	3752	contra	n/a	missing	contra	3731 Beth Place, Hickory, NC	3752. BETH PL, HICKORY, NC
S1-650553113	S2-165474865	US	8.485	near_duplicate_number_changed	numbers_differ	344	346	contra	n/a	missing	contra	344 Burkhardt Avenue, Canton, OH	346 BURKHARDT AVE, OH, CANTON
S1-738924261	S2-274105773	US	8.481	near_duplicate_number_changed	numbers_differ	99	112	contra	n/a	missing	contra	99 Warren Avenue, Plymouth, MA	112 WARREN AVENUE, PLYMMOUTH, MA
S1-105508073	S2-978614625	India	8.445	near_duplicate_number_changed	numbers_differ	228/A	229/A	contra	n/a	missing	contra	228/A, Chittaranjan Avenue, Kolkata, Kolkata, Howrah, West Bengal	00229/A, CHITTARANJAN AVENUE, KOLKATA, KOLKATA, West Bengal
S1-152070551	S2-268959920	US	8.416	near_duplicate_number_changed	numbers_differ	984	98	contra	n/a	missing	contra	984 Summitville Drive, Webster, NY	98 SUMMITVILLE DRIVE, WEBSTER, NY
S1-834811121	S3-987490190	US	8.409	shared_address	numbers_equal	111	111	agree	n/a	missing	agree/subset	111 Plumtrees Road, Bethel, CT	Bethel, 111 Plumtrees Road, CT
S1-580524278	S2-330896750	US	8.39	near_duplicate_number_changed	numbers_differ	1538	1539	contra	n/a	missing	contra	1538 Chigwell Lane, Webster, NY	1539. CHIGWELL LANE, WEBSTER ICTY, NY
S1-974849710	S2-69007338	India	8.337	near_duplicate_number_changed	numbers_differ			missing	n/a	missing	contra	Fn 31 Samruddhi Apt Marve, Mumbai, Rd Aadrash Dairy Lane, Malad West, Maharashtra	FN 34 SAMRUDDHI APT MARVE, RD AADRASH DAIRY LANE, MALAD WEST, <NULL>, Maharashtra
S1-244717707	S3-845558507	US	8.302	near_duplicate_number_changed	numbers_differ	4	6B	contra	n/a	agree	contra	4 Maple Drive, Unit Apartment 3L, Great Neck Plaza, NY	6B Maple Dr, Unit Apartment 3L, Great Neck Plaza, New York
S1-709883399	S3-759779911	US	8.293	other_same_name_cand_address_missing	cand_addr_missing	85		missing	n/a	missing	missing	IL, West Dundee, 85 Fox Avenue	
S1-151183277	S3-597632577	US	8.214	near_duplicate_number_changed	numbers_differ	12815	12817D	contra	n/a	missing	contra	12815 6th Street, Yucaipa, CA	12817d 6th St, Yucaipa, California
S1-107300854	S2-233408218	US	8.205	near_duplicate_number_changed	numbers_differ	4164	4165	contra	n/a	missing	contra	4164 Times Square Boulevard, Fl 1, Dublin, OH	OH, DUBLIN, 4165 TIMES SQUARE BVLD, NULL
S1-354470254	S2-439933826	India	8.198	near_duplicate_number_changed	numbers_differ		3S	missing	n/a	missing	agree/subset	1St Floor, Building No. Viii/303, West Veliyathunadu, Paravur, Ernakulam, Kerala	NO 3S FLOOR, BUILDING NO. VIII/303, WEST VELIYATHUNADU, PARAVUR, കേരളം
S1-854459457	S2-898061731	India	8.196	near_duplicate_number_changed	numbers_differ	2B1	995	contra	n/a	missing	contra	Sf.No.173/3, 2B1, Kaniyampoondi Village, Vanjipalayam, Avinashi Taluk, Tiruppur, Coimbatore, Tamil Nadu	H.NO 995 SF.NO.173/24, 2B1, KANIYAMPOONDI VILLAGE, VANJIPALAYAM, AVINASHI TALUK, TIRUPPUR, Tamil Nadu
S1-896987342	S2-16333005	US	8.19	near_duplicate_number_changed	numbers_differ	11412	1142	contra	n/a	missing	contra	11412 238, Fl 1, Jacksonville, OR	1142 238, JACKSONVILLE, OR
S1-21572516	S2-749578779	US	8.187	near_duplicate_number_changed	numbers_differ	5411	5432	contra	n/a	missing	contra	5411 Central Avenue, Washington, DC	5432 CENTRAL AVE, WASHINGTON, DC
S1-832121557	S2-99118193	US	8.181	near_duplicate_number_changed	numbers_differ	6708	6711	contra	n/a	missing	contra	6708 Marbella, Irving, TX	TX, 6711 MARBELLA, IRVING
S1-348541124	S2-796709928	US	8.174	near_duplicate_number_changed	numbers_differ	106	117	contra	n/a	missing	contra	106 Stampede Trail, Forney, TX	117 STAMPEDE TRL, FORNEY, TX
S1-3976750	S3-664364375	US	8.172	near_duplicate_number_changed	numbers_differ	6911	6932	contra	n/a	missing	contra	6911 Friendship Ledford Road, Winston-salem, NC	006932 Friendship Ledford Road, Winston-Salem, North Carolina
S1-71360577	S3-362424525	US	8.172	near_duplicate_number_changed	numbers_differ	353	374 1/2	contra	n/a	agree	contra	353 Littig Road, Unit B, Elgin, TX	374 1/2 Littig Road, Unit B, Elgin, Texas
S1-80941999	S2-835917743	India	8.138	near_duplicate_number_changed	numbers_differ	G-25	G-26	contra	n/a	missing	contra	G-25, Vardhman Plus Citi Mall, Sector-23, Dwarka, New Delhi, South West Delhi, Delhi	G-26, VARDHMAN PLUS CITI MALL, SECTOR-23, DWARKA, NEW DELHI, Delhi
S1-477379830	S3-174923184	India	8.13	near_duplicate_number_changed	numbers_differ	35A	56A	contra	n/a	missing	contra	35A, Mahal Industrial Estate, Mahakali Road, Andheri (East), Maharashtra, Mumbai, Mumbai City	56A, Mahal Industrial Estate, Mahakali Road, Andheri (East), Mumbai, Mumbai City, MH
S1-398724143	S2-221887023	India	8.112	near_duplicate_number_changed	numbers_differ	442	455	contra	n/a	missing	contra	Plot No. 442, Bageshree Banglow Meghpar, Anjar, Kachchh, Gujarat	NO 455 , BAGESHREE BANGLOW MEGHPAR, ANJAR, N/A, Gujarat
S1-983370975	S2-97612741	India	8.078	near_duplicate_number_changed	numbers_differ	26	33	contra	n/a	missing	contra	26, Majestic Garden, 48 Arcot Road Saligramam, Chennai, Tamil Nadu	33, MAJESTIC GARDEN, 48 AROT ROAD SALIGRAMAM, CHENNAI, <NULL>, Tamil Nadu
S1-669962527	S2-620186391	US	8.078	near_duplicate_number_changed	numbers_differ	35131	35140	contra	n/a	missing	contra	35131 Yucaipa Boulevard, Yucaipa, CA	35140 YUCAIPA BOULEVARD, YUCAIPA, CA
S1-986529662	S3-594914013	US	8.052	near_duplicate_number_changed	numbers_differ	42	49	contra	n/a	missing	contra	42 Quartermaster Row, Yarmouth, MA	49 Quartermaster Row, Yarmouth, Massachusetts
S1-53427888	S3-135463776	India	8.047	near_duplicate_number_changed	numbers_differ	191/13	191/20	agree	contra	missing	contra	191/13 Upper Ground Floor Street No 6 Block B1 Sant Nagar Labour Chowk Burari, Delhi, North Delhi, Delhi	H.no #191/20 Upper Ground Floor Street No 6 Block B1 Sant Nagar Labour Chowk Burari, North, Delhi, दिल्ली
S1-435015113	S3-83056328	US	8.023	near_duplicate_number_changed	numbers_differ	32	34	contra	n/a	missing	contra	32 Woodvale Drive, Laurel Hollow, NY	##34 Woodvale Drive, Laurel Hollow, New York
S1-436244740	S3-196089536	US	7.994	near_duplicate_number_changed	numbers_differ	27	32	contra	n/a	missing	contra	27 C Cove Road, Window Rock, NM	32 C Cove Road, Window Rock, New Mexico
S1-122531338	S2-283120466	US	7.994	near_duplicate_number_changed	numbers_differ	505	512	contra	n/a	missing	contra	505 Senterwood Court, NC, Fuquay-varina	512 Senterwood Court, FUQUAY VARINA, NC
S1-744897014	S2-285496028	India	7.988	near_duplicate_number_changed	numbers_differ	9153	9164	contra	n/a	missing	contra	9153, G/F Gali No. 3 Multani Dhanda, Paharganj, Delhi, Delhi, Central Delhi, Delhi	9164, G/F GALI NO. 3 MULTANI DHANDA, PAHARGANJ, DELMI, DELHI, दिल्ली
S1-699882562	S3-478710181	US	7.975	near_duplicate_number_changed	numbers_differ	1539	1540	contra	n/a	missing	contra	IL, 1539 Carlyle Road, Naperville	1540 Carlyle Road, Naperville, Illinois
S1-56171233	S3-37616528	US	7.957	near_duplicate_number_changed	numbers_differ	1117	1128	contra	n/a	missing	contra	1117 Leclaire Avenue, Chicago, IL	1128 Leclaire Ave, Chicago, Illinois
S1-671673859	S2-730365764	India	7.952	near_duplicate_name_token_numbers_not_contradicted	numbers_cand_superset	E-6	92	contra	n/a	missing	agree/subset	Patna, Bihar, C/O Dipraj Devi, Sampatchak, E-6, Rbi Colony, Malahipakari Road, Kankarbagh	#92 C/O DIPRAJ DEVI, E-6, RBI COLONY, MALAHIPAKARI ROAD, KANKARBAGH, SAMPATCHAK, Bihar
S1-802436109	S2-76164242	US	7.946	near_duplicate_number_changed	numbers_differ	25	36	contra	n/a	missing	contra	NY, 25 Black Locust Avenue, Brookhaven	#36 BLACK LOCUST AVENUE, E SETAUKET, NY
S1-917236674	S2-722053618	India	7.935	near_duplicate_number_changed	numbers_differ	579/A	583/A	contra	n/a	missing	contra	Cts No 579/A First Floor Tele Patil Lane Shahapur, Belgavi, Belgaum, Karnataka	ಕರ್ನಾಟಕ, CTS NO 583/A FIRST FLOOR TELE PATIL LANE SHAHAPUR, BELGAVI
S1-608157395	S3-275338713	US	7.933	near_duplicate_number_changed	numbers_differ	3881	3885	contra	n/a	missing	contra	3881 Edith Lane, Lexington, MN	3885 Edith Ln, Lexington, Minnesota
S1-938870365	S3-962575514	US	7.932	near_duplicate_number_changed	numbers_differ	595	598	contra	n/a	missing	contra	595 Baeder Road, Abington Township, PA	598 Baeder Road, Jenkintown, Pennsylvania
S1-949918646	S3-53923709	India	7.926	near_duplicate_number_changed	numbers_differ	92	10	contra	n/a	missing	contra	No.92 Periya Devangar Street, Bhuvanagiri, Cuddalore, Tamil Nadu	Door No 10 Periya Devangar Street, Bhuvanagiri, Cuddalore, TN
S1-733789957	S3-342877652	India	7.865	near_duplicate_number_changed	number_added_by_cand		43	missing	n/a	missing	missing	At/Po-Subarnapur Ps/Dist-Subarnapur, Subarnapur, Sonepur, Orissa	OD, Sonepur, H.no 43 At/po-subarnapur Ps/dist-subarnapur, Subarnapur
S1-738545019	S2-76547487	India	7.858	near_duplicate_number_changed	numbers_differ	123	128	contra	n/a	missing	contra	123, Kalidas Road Ram Nagar., Coimbatore, Tamil Nadu	128, KALIDAS ROAD RAM NAGAR., COIMBATORE, Tamil Nadu
S1-133465668	S2-904863432	US	7.858	near_duplicate_number_changed	numbers_differ	1446	1448	contra	n/a	missing	contra	1446 Franklin Avenue, Dumont, IA	1448 FRANKLIN AVE, DUMONT, IA
S1-700014757	S2-328927506	US	7.841	near_duplicate_number_changed	numbers_differ	27333	27344	contra	n/a	missing	contra	27333 Pioneer Road, Town Of Norway, WI	027344 PIONEER ROAD, WATERFORD, WI
S1-293596255	S3-200153252	US	7.805	near_duplicate_number_changed	numbers_differ	626	633	contra	n/a	missing	contra	626 Main Street, Wayne City, IL	633 Main St, Wayne City, Illinois
S1-352833258	S3-769856932	US	7.776	near_duplicate_number_changed	numbers_differ	200	213	contra	n/a	missing	contra	200 Walden Road, Heath, OH	213 Walden Road, Heath, Ohio
S1-869167635	S3-405306352	India	7.758	near_duplicate_number_changed	numbers_differ	87/2	48	contra	n/a	missing	contra	Plot No47, (Old No-36) Kh No 87/2 3Rd Floor Vilalge Rithala Manday Mkt Road, Rohini, North West, Delhi	No 48., (Old No-36) Kh No 87/2 3Rd Floor Vilalge Rithala Manday Mkt Road, North West, Rohini, DL
S1-133949477	S2-228088564	US	7.739	near_duplicate_number_changed	numbers_differ	25307	25320	contra	n/a	missing	contra	25307 212th Avenue, Battle Ground, WA	WA, 0025320 212TH AVE, BATTLE GROUND
S1-98383046	S2-769713954	US	7.722	near_duplicate_number_changed	numbers_differ	411	412	contra	n/a	missing	contra	411 3rd Street, Unit 207, Phoenix, AZ	412 3RD STREET, PHOENIX, AZ
S1-334454684	S3-945881458	US	7.714	near_duplicate_number_changed	numbers_differ	3	4	contra	n/a	missing	contra	3 Bells Ridge Drive, Stafford County, VA	4 Bells Ridge Dr, Stafford County, Virginia
S1-286003990	S2-270872559	India	7.652	near_duplicate_number_changed	numbers_differ	0-0	0-5	agree	contra	missing	agree/subset	H.No.0-00, Kothapalle, Kondapuram, Nellore, Andhra Pradesh	#0-5 , KOTHAPALLE, KONDAPURAM, ఆంధ్రప్రదేశ్
S1-541291311	S2-70368971	India	7.648	near_duplicate_number_changed	numbers_differ	234	245	contra	n/a	missing	contra	Khata No 234, Khasra 1056, Bhawanipur Desri, Jagdishpur, Bhagalpur, Bihar	KHATA NO 0245, KHASRA 1056, BHAWANIPUR DESRI, JAGDISHPUR, बिहार
S1-830860324	S3-718176452	US	7.631	near_duplicate_number_changed	numbers_differ	4124	131	contra	n/a	missing	contra	4124 Timberline Circle, Town Of Morgan, WI	131 Timberline Cir, Town Of Morgan, Wisconsin
S1-935409322	S2-58199490	US	7.614	near_duplicate_number_changed	numbers_differ	3136	3141	contra	n/a	missing	contra	3136 Treyson Drive, Denver, NC	DENVER TOWNSHIP, NC, 3141 TREYSON DRIVE
S1-761309837	S2-48385130	India	7.601	near_duplicate_number_changed	numbers_differ	10		missing	n/a	missing	contra	No.10, I Main Road, I Floor Balaji Nagar, Ekkattuthangal, Chennai, Tamil Nadu	Tamil Nadu, #31 , I MAIN ROAD, I FLOOR BALAJI NAGAR, EKKATTUTHANGAL, CHENNAI
S1-553687761	S2-706305861	US	7.593	near_duplicate_number_changed	numbers_differ	102	113	contra	n/a	missing	contra	102 3rd Street, Ulen, MN	113 Third Street, ULEN, MN
S1-373926413	S3-571565698	US	7.563	near_duplicate_number_changed	numbers_differ	441	448	contra	n/a	missing	contra	441 Trevitt Street, Columbus, OH	448 Trevitt Street, Columbus, Ohio
S1-58048568	S2-351181962	US	7.533	near_duplicate_number_changed	numbers_differ	506	513	contra	n/a	missing	contra	506 3rd Street, South Boston Town, VA	00513 3RD ST, SOUTH BOSTON, VA
S1-605632307	S2-184057738	US	7.509	shared_address	number_dropped_by_cand	204		missing	n/a	missing	missing	204 Grand Avenue, Ravia, OK	GRAND AVENUE, RAVIA, OK
S1-144104776	S2-857754931	US	7.501	near_duplicate_number_changed	numbers_differ	1535	1546	contra	n/a	missing	contra	TX, 1535 Village Townhome Drive, Pasadena	1546 Village Townhome Dr, PASADENA, TX
S1-546277258	S2-539305252	US	7.463	other_same_name_cand_address_missing	cand_addr_missing	85		missing	n/a	missing	missing	85 HF Minot Street, Boston, MA	
S1-37997681	S2-428197590	US	7.434	near_duplicate_number_changed	numbers_differ	13124	13129	contra	n/a	missing	contra	13124 Palancar Drive, Keller, TX	13129 PALANCAR DR, KELLER, TX
S1-622590557	S3-852259289	US	7.411	near_duplicate_number_changed	numbers_differ	89	110	contra	n/a	missing	contra	Delaware, 89 Bridgeport Way, OH	#110 Bridgeport Way, Delaware, Ohio
S1-392780445	S3-55701634	India	7.407	near_duplicate_name_token_numbers_not_contradicted	numbers_cand_superset	2	2	agree	n/a	missing	agree/subset	Krm Centre, 9Th Floor, Door No. 2 Harrington Raod, Chetpet, Chennai, Tamil Nadu	##67 Krm Centre, 9Th Floor, Door No. 2 Harrington Raod, Chetpet, Chennai, தமிழ்நாடு
S1-701892424	S3-945920321	US	7.395	near_duplicate_number_changed	numbers_differ	19	20	contra	n/a	missing	contra	Marshfield, 19 Stage Coach Drive, MA	20 Stage Coach Dr, Marshfield, Massachusetts
S1-923756421	S2-947367812	US	7.373	near_duplicate_number_changed	numbers_differ	13412	13425	contra	n/a	missing	contra	13412 195th Street, Town Of Anson, WI	13425 195TH ST, TOWN OF ANSON, WI
S1-767579359	S2-606480158	US	7.353	near_duplicate_number_changed	numbers_differ	26	30	contra	n/a	missing	contra	26 Fair Street, Wallingford, CT	30 FAIR ST, WALLINGFORD, CT
S1-468837835	S2-899576153	US	7.351	near_duplicate_number_changed	numbers_differ	400	403-405	contra	n/a	missing	contra	400 Ponderosa Drive, Unit 129, Dunn, NC	403-405 PONDEROSA DR, DUNN, NC
S1-242622559	S2-46643141	US	7.322	near_duplicate_number_changed	numbers_differ	31201	31214	contra	n/a	missing	contra	31201 Boulder Creek Drive, Arlington, WA	31214  BOULDER CREEK DR, ARLINGTON, WA
S1-875782889	S2-17050679	US	7.28	near_duplicate_number_changed	numbers_differ	23399	23400	contra	n/a	missing	contra	23399 Shore Drive, Emily, MN	##23400 SHORE DR, EMILY, MN
S1-790346267	S3-589849417	US	7.28	near_duplicate_number_changed	numbers_differ	2314	2319	contra	n/a	missing	contra	Pittsylvania County, 2314 Franklin Turnpike, Unit BLDG A A1-A6, VA	2319 Franklin Turnpike, # BLDG A A1-A6, Pittsylvania County, Virginia
S1-707714994	S2-397855153	US	7.274	near_duplicate_number_changed	numbers_differ	1507	1528 1/2	contra	n/a	missing	contra	1507 Bartway Drive, Murfreesboro, TN	1528 1/2 BARTWAY DR, MURFREESBORO, TN
S1-915340249	S3-661083741	US	7.273	near_duplicate_number_changed	numbers_differ	9815	9822	contra	n/a	agree	contra	9815 Langs Road, Unit APARTMENT A, Middle River, MD	9822 Langs Rd, Unit Apartment A, Middle River, Maryland
S1-153303230	S3-446715878	India	7.258	near_duplicate_number_changed	number_added_by_cand		40	missing	n/a	missing	missing	Uttar Pradesh, Bulandshahr, Village & Post Ahmadgarh	No 40 Village & Post Ahmadgarh, Bulandshahr, UP
S1-107463279	S2-145880345	US	7.242	near_duplicate_number_changed	numbers_differ	225	227	contra	n/a	missing	contra	225 Celia Drive, Combine, TX	227  CELIA DR, COMBINE, TX
S1-715573919	S3-992914856	India	7.227	near_duplicate_number_changed	numbers_differ	FL303	137	contra	n/a	missing	contra	Fl303 Bldgg A2 Kumar, Prasanna Sn-44/2A3A, Pune City, Pune, Maharashtra	#137 Fl303 Bldgg A11 Kumar, Pune, MH
S1-622270021	S2-22466672	US	7.214	near_duplicate_number_changed	numbers_differ	4501	4512	contra	n/a	missing	contra	4501 Binwhe Lane, Gastonia, NC	004512 BINWHE LN, GASTONIA, NC
S1-32705446	S2-482570473	India	7.208	near_duplicate_number_changed	numbers_differ	662	662	agree	n/a	missing	contra	121, Floor-3, Plot-662, 2, Navyug Nagar, Dinanath Mangeshkar Marg, Forjett Hill, August Kr, Ant Marg, Mumbai, Mumbai City, Maharashtra	महाराष्ट्र, C-132, FLOOR-3, PLOT-662, 2, NAVYUG NAGAR, DINANATH MANGESHKAR MARG, FORJETT HILL, AUGUST KR, ANT MARG, MUMBAI
S1-79774730	S3-406835515	US	7.169	near_duplicate_number_changed	numbers_differ	5318	5319	contra	n/a	missing	contra	5318 Springlake Parkway, Haltom City, TX	Haltom City, Texas, 5319 Springlake Parkway
S1-672494986	S2-335005685	India	7.15	near_duplicate_number_changed	numbers_differ			missing	n/a	contra	contra	Fno-407A-Eden Gardens Sec, Maddilapalem, Visakhapatnam (Urban), Visakhapatnam, Vishakhapatnam, Andhra Pradesh	FNO-416A-EDEN GARDNES SEC, MADDILAPALEM, VISAKHAPATNAM (URBAN), VISHAKHAPATNAM, VISAKHAPATNAM, Andhra Pradesh
S1-782037064	S2-155994611	India	7.143	near_duplicate_number_changed	numbers_differ	455	460	contra	n/a	missing	contra	B.T. Road Po-Sukchar, 455, Parganas North, West Bengal	460, B.T. ROAD PO-SUKCHAR, West Bengal
S1-129228906	S3-409206137	US	7.135	near_duplicate_number_changed	numbers_differ	3426	3447	contra	n/a	missing	contra	3426 Doubletree Street, Forest Grove, OR	3447 Doubletree Street, Forest Grve, Oregon
S1-5049664	S2-70894186	US	7.108	near_duplicate_number_changed	numbers_differ	814	816	contra	n/a	missing	contra	814 Statler Drive, Durham, NC	816 STATLER DRIVE, PMB 3133, DURHAM, NC
S1-856106348	S2-91779948	US	7.031	near_duplicate_number_changed	numbers_differ	351	36	contra	n/a	missing	contra	351 Rivendell Road, Grapeview, WA	36 RIVENDELL RD, WA, GRAPEVIEW
S1-139678466	S3-355402181	India	7.026	near_duplicate_number_changed	numbers_differ			missing	n/a	missing	contra	C Block 11-A, Laxmi Vihar, Najafgrah, South West Delhi, Delhi	South West Delhi, Laxmi Vihar, Block D-090 C Block 24-A, दिल्ली
S1-859409849	S2-159088215	US	7.019	near_duplicate_number_changed	numbers_differ	5626	5647	contra	n/a	missing	contra	5626 Kendall Drive, Nashville, TN	5647  KENDALL DRIVE, NASHVILLE, TN
S1-17751184	S3-212549814	India	7.015	near_duplicate_number_changed	number_added_by_cand		19	missing	n/a	missing	missing	A/P-Apshinge, Satara, Maharashtra	Satara, MH, Satara, ###19 A/p-apshinge
